id,first_name,last_name,middle_name,birth_date,phone,email,address
1,Антон,Петров,Иванович,1976-09-03,79413282723,person001@farm-association.test,"г. Волгоград, ул. Полевая, д. 152, кв. 109"
2,Иван,Иванов,Петрович,1971-08-13,79396178713,person002@farm-association.test,"г. Волгоград, ул. Молодёжная, д. 167, кв. 180"
3,Юлия,Васильева,Алексеевна,1992-04-19,79853841030,person003@farm-association.test,"г. Ставрополь, ул. Лесная, д. 72, кв. 40"
4,Алексей,Зайцев,Николаевич,1961-03-03,79214892255,person004@farm-association.test,"г. Липецк, ул. Мира, д. 68, кв. 207"
5,Иван,Соловьёв,Евгеньевич,2000-02-09,79254872080,person005@farm-association.test,"г. Тамбов, ул. Мира, д. 93, кв. 148"
6,Ольга,Соловьёва,Петровна,1956-02-10,79943334720,person006@farm-association.test,"г. Воронеж, ул. Полевая, д. 98, кв. 72"
7,Евгений,Волков,Николаевич,1966-08-04,79574633695,person007@farm-association.test,"г. Тамбов, ул. Полевая, д. 156, кв. 163"
8,Сергей,Фёдоров,Алексеевич,1966-08-29,79694884491,person008@farm-association.test,"г. Волгоград, ул. Молодёжная, д. 176, кв. 84"
9,Полина,Зайцева,Ивановна,1972-07-19,79149245061,person009@farm-association.test,"г. Тамбов, ул. Полевая, д. 55, кв. 234"
10,Владимир,Лебедев,Николаевич,1971-01-28,79936116092,person010@farm-association.test,"г. Саратов, ул. Садовая, д. 68, кв. 36"
11,Алексей,Соловьёв,Михайлович,2000-05-09,79438648464,person011@farm-association.test,"г. Курск, ул. Школьная, д. 93, кв. 57"
12,Елена,Фёдорова,Евгеньевна,1960-02-26,79169812429,person012@farm-association.test,"г. Белгород, ул. Школьная, д. 153, кв. 17"
13,Андрей,Васильев,Владимирович,1993-12-28,79773578011,person013@farm-association.test,"г. Ростов-на-Дону, ул. Луговая, д. 69, кв. 197"
14,Антон,Попов,Петрович,1978-05-01,79652616810,person014@farm-association.test,"г. Тамбов, ул. Луговая, д. 46, кв. 130"
15,Дарья,Петрова,Дмитриевна,1997-07-18,79873032957,person015@farm-association.test,"г. Белгород, ул. Луговая, д. 136, кв. 236"
16,Иван,Морозов,Николаевич,1995-11-01,79122145649,person016@farm-association.test,"г. Воронеж, ул. Центральная, д. 62, кв. 225"
17,Владимир,Петров,Петрович,1995-08-07,79188787826,person017@farm-association.test,"г. Белгород, ул. Заречная, д. 141, кв. 43"
18,Татьяна,Фёдорова,Владимировна,1989-12-17,79376529835,person018@farm-association.test,"г. Тамбов, ул. Школьная, д. 172, кв. 167"
19,Николай,Новиков,Михайлович,1992-07-03,79253533818,person019@farm-association.test,"г. Липецк, ул. Центральная, д. 151, кв. 142"
20,Алексей,Морозов,Алексеевич,1952-08-23,79198249017,person020@farm-association.test,"г. Воронеж, ул. Полевая, д. 9, кв. 221"
21,Наталья,Петрова,Михайловна,1973-05-08,79457857237,person021@farm-association.test,"г. Волгоград, ул. Садовая, д. 147, кв. 148"
22,Евгений,Кузнецов,Евгеньевич,1988-07-08,79341962294,person022@farm-association.test,"г. Ставрополь, ул. Лесная, д. 109, кв. 106"
23,Евгений,Павлов,Иванович,1960-10-29,79175125323,person023@farm-association.test,"г. Воронеж, ул. Молодёжная, д. 49, кв. 138"
24,Светлана,Сидорова,Андреевна,1968-06-17,79455734119,person024@farm-association.test,"г. Саратов, ул. Луговая, д. 26, кв. 13"
25,Антон,Фёдоров,Иванович,1960-05-14,79402706272,person025@farm-association.test,"г. Саратов, ул. Молодёжная, д. 103, кв. 232"
26,Иван,Сидоров,Андреевич,1952-03-11,79593716846,person026@farm-association.test,"г. Ставрополь, ул. Луговая, д. 170, кв. 184"
27,Светлана,Сидорова,Алексеевна,1978-08-14,79371598479,person027@farm-association.test,"г. Краснодар, ул. Лесная, д. 15, кв. 13"
28,Владимир,Новиков,Михайлович,1999-08-25,79301587520,person028@farm-association.test,"г. Белгород, ул. Полевая, д. 153, кв. 18"
29,Антон,Павлов,Алексеевич,1988-03-22,79256834184,person029@farm-association.test,"г. Курск, ул. Центральная, д. 159, кв. 21"
30,Ирина,Волкова,Владимировна,2002-09-16,79764234336,person030@farm-association.test,"г. Липецк, ул. Молодёжная, д. 68, кв. 102"
31,Сергей,Волков,Дмитриевич,1993-01-07,79508691911,person031@farm-association.test,"г. Саратов, ул. Мира, д. 145, кв. 26"
32,Пётр,Фёдоров,Алексеевич,1997-05-20,79432355418,person032@farm-association.test,"г. Воронеж, ул. Лесная, д. 73, кв. 41"
33,Светлана,Павлова,Михайловна,1979-02-20,79889269377,person033@farm-association.test,"г. Краснодар, ул. Луговая, д. 77, кв. 239"
34,Антон,Петров,Сергеевич,1975-09-23,79242098029,person034@farm-association.test,"г. Тамбов, ул. Степная, д. 155, кв. 54"
35,Роман,Попов,Алексеевич,1975-09-07,79746004216,person035@farm-association.test,"г. Ростов-на-Дону, ул. Школьная, д. 71, кв. 12"
36,Анна,Попова,Сергеевна,1975-07-02,79308596680,person036@farm-association.test,"г. Ставрополь, ул. Луговая, д. 3, кв. 29"
37,Пётр,Лебедев,Сергеевич,2000-12-11,79149545784,person037@farm-association.test,"г. Волгоград, ул. Садовая, д. 111, кв. 33"
38,Иван,Смирнов,Николаевич,1955-07-31,79553159741,person038@farm-association.test,"г. Ростов-на-Дону, ул. Лесная, д. 144, кв. 227"
39,Полина,Васильева,Владимировна,1965-11-12,79409853032,person039@farm-association.test,"г. Ставрополь, ул. Центральная, д. 46, кв. 189"
40,Фёдор,Попов,Андреевич,1974-04-06,79442639923,person040@farm-association.test,"г. Ставрополь, ул. Центральная, д. 121, кв. 57"
41,Алексей,Павлов,Евгеньевич,1983-05-15,79499403938,person041@farm-association.test,"г. Краснодар, ул. Молодёжная, д. 103, кв. 85"
42,Татьяна,Павлова,Петровна,1977-01-15,79547567561,person042@farm-association.test,"г. Волгоград, ул. Лесная, д. 8, кв. 30"
43,Фёдор,Смирнов,Сергеевич,2004-02-01,79431392386,person043@farm-association.test,"г. Ставрополь, ул. Лесная, д. 81, кв. 112"
44,Владимир,Фёдоров,Петрович,1986-07-23,79832944215,person044@farm-association.test,"г. Ставрополь, ул. Центральная, д. 134, кв. 237"
45,Алина,Фёдорова,Алексеевна,1984-09-03,79651719552,person045@farm-association.test,"г. Курск, ул. Лесная, д. 170, кв. 218"
46,Пётр,Соловьёв,Дмитриевич,1997-06-30,79497826251,person046@farm-association.test,"г. Ставрополь, ул. Степная, д. 142, кв. 33"
47,Алексей,Васильев,Андреевич,1967-08-12,79886824861,person047@farm-association.test,"г. Волгоград, ул. Центральная, д. 78, кв. 74"
48,Ольга,Васильева,Владимировна,1980-11-28,79695526696,person048@farm-association.test,"г. Воронеж, ул. Луговая, д. 122, кв. 204"
49,Фёдор,Зайцев,Сергеевич,1959-08-10,79466279491,person049@farm-association.test,"г. Курск, ул. Лесная, д. 24, кв. 210"
50,Григорий,Кузнецов,Дмитриевич,1972-02-26,79352501315,person050@farm-association.test,"г. Воронеж, ул. Заречная, д. 157, кв. 218"
51,Алина,Петрова,Евгеньевна,1989-03-07,79906893499,person051@farm-association.test,"г. Ставрополь, ул. Заречная, д. 103, кв. 63"
52,Сергей,Волков,Иванович,1961-07-24,79643243299,person052@farm-association.test,"г. Волгоград, ул. Заречная, д. 13, кв. 143"
53,Алексей,Лебедев,Петрович,1992-12-13,79279206995,person053@farm-association.test,"г. Волгоград, ул. Луговая, д. 153, кв. 82"
54,Алина,Лебедева,Евгеньевна,1997-04-14,79649508067,person054@farm-association.test,"г. Белгород, ул. Заречная, д. 116, кв. 67"
55,Григорий,Кузнецов,Дмитриевич,1998-10-07,79727414045,person055@farm-association.test,"г. Саратов, ул. Полевая, д. 74, кв. 61"
56,Дмитрий,Попов,Николаевич,2000-06-16,79202412939,person056@farm-association.test,"г. Ставрополь, ул. Садовая, д. 55, кв. 17"
57,Ирина,Васильева,Николаевна,2000-09-05,79695251736,person057@farm-association.test,"г. Ставрополь, ул. Школьная, д. 150, кв. 243"
58,Роман,Иванов,Владимирович,1986-02-15,79711065548,person058@farm-association.test,"г. Ставрополь, ул. Школьная, д. 138, кв. 192"
59,Роман,Фёдоров,Владимирович,1971-10-14,79723244465,person059@farm-association.test,"г. Саратов, ул. Центральная, д. 100, кв. 87"
60,Вера,Волкова,Андреевна,1966-10-22,79692308978,person060@farm-association.test,"г. Краснодар, ул. Школьная, д. 152, кв. 145"
61,Антон,Иванов,Петрович,1990-06-14,79279876933,person061@farm-association.test,"г. Краснодар, ул. Степная, д. 98, кв. 84"
62,Алексей,Новиков,Николаевич,1982-04-12,79583846342,person062@farm-association.test,"г. Ростов-на-Дону, ул. Заречная, д. 5, кв. 192"
63,Юлия,Иванова,Николаевна,1972-02-12,79931709315,person063@farm-association.test,"г. Краснодар, ул. Молодёжная, д. 52, кв. 215"
64,Иван,Морозов,Сергеевич,1973-05-26,79265849524,person064@farm-association.test,"г. Курск, ул. Молодёжная, д. 120, кв. 180"
65,Дмитрий,Зайцев,Николаевич,1967-01-20,79877212430,person065@farm-association.test,"г. Тамбов, ул. Полевая, д. 149, кв. 7"
66,Дарья,Смирнова,Владимировна,1985-09-02,79608323519,person066@farm-association.test,"г. Курск, ул. Молодёжная, д. 27, кв. 179"
67,Григорий,Смирнов,Владимирович,1962-11-10,79829011554,person067@farm-association.test,"г. Волгоград, ул. Школьная, д. 170, кв. 95"
68,Пётр,Фёдоров,Николаевич,1953-02-18,79639427223,person068@farm-association.test,"г. Ставрополь, ул. Лесная, д. 163, кв. 229"
69,Полина,Новикова,Сергеевна,1991-01-26,79328517693,person069@farm-association.test,"г. Тамбов, ул. Мира, д. 138, кв. 199"
70,Евгений,Новиков,Андреевич,1976-01-29,79519724121,person070@farm-association.test,"г. Тамбов, ул. Заречная, д. 63, кв. 193"
71,Евгений,Морозов,Владимирович,1985-12-31,79531297351,person071@farm-association.test,"г. Белгород, ул. Заречная, д. 55, кв. 91"
72,Алина,Смирнова,Николаевна,1977-02-01,79868184581,person072@farm-association.test,"г. Краснодар, ул. Луговая, д. 49, кв. 22"
73,Алексей,Соловьёв,Андреевич,1995-10-31,79818764098,person073@farm-association.test,"г. Саратов, ул. Заречная, д. 115, кв. 203"
74,Иван,Петров,Дмитриевич,1971-11-18,79618084149,person074@farm-association.test,"г. Курск, ул. Лесная, д. 122, кв. 142"
75,Юлия,Попова,Андреевна,2001-05-18,79524609968,person075@farm-association.test,"г. Тамбов, ул. Степная, д. 65, кв. 60"
76,Пётр,Соловьёв,Алексеевич,1980-04-22,79258607898,person076@farm-association.test,"г. Белгород, ул. Молодёжная, д. 56, кв. 190"
77,Евгений,Смирнов,Владимирович,1999-01-25,79863892234,person077@farm-association.test,"г. Тамбов, ул. Молодёжная, д. 93, кв. 46"
78,Татьяна,Иванова,Михайловна,1963-05-10,79451461680,person078@farm-association.test,"г. Тамбов, ул. Садовая, д. 164, кв. 223"
79,Григорий,Новиков,Петрович,1953-02-05,79833917071,person079@farm-association.test,"г. Саратов, ул. Лесная, д. 48, кв. 248"
80,Иван,Смирнов,Евгеньевич,1962-03-27,79185107219,person080@farm-association.test,"г. Курск, ул. Центральная, д. 39, кв. 39"
81,Алина,Морозова,Дмитриевна,1959-08-23,79412218163,person081@farm-association.test,"г. Курск, ул. Мира, д. 159, кв. 58"
82,Григорий,Фёдоров,Андреевич,1992-06-01,79664048564,person082@farm-association.test,"г. Тамбов, ул. Мира, д. 159, кв. 16"
83,Владимир,Соловьёв,Петрович,1970-08-22,79903164394,person083@farm-association.test,"г. Ростов-на-Дону, ул. Садовая, д. 62, кв. 45"
84,Юлия,Петрова,Сергеевна,1952-03-28,79625619886,person084@farm-association.test,"г. Саратов, ул. Степная, д. 9, кв. 60"
85,Дмитрий,Соловьёв,Дмитриевич,1992-09-24,79198033943,person085@farm-association.test,"г. Курск, ул. Молодёжная, д. 109, кв. 30"
86,Михаил,Кузнецов,Сергеевич,1975-10-31,79281731731,person086@farm-association.test,"г. Тамбов, ул. Мира, д. 146, кв. 236"
87,Татьяна,Новикова,Петровна,1994-01-18,79984119961,person087@farm-association.test,"г. Тамбов, ул. Луговая, д. 139, кв. 127"
88,Евгений,Петров,Владимирович,1955-07-30,79658525187,person088@farm-association.test,"г. Тамбов, ул. Центральная, д. 24, кв. 59"
89,Антон,Павлов,Владимирович,2004-09-02,79128839644,person089@farm-association.test,"г. Курск, ул. Центральная, д. 45, кв. 121"
90,Юлия,Волкова,Евгеньевна,1976-12-14,79336996591,person090@farm-association.test,"г. Саратов, ул. Полевая, д. 121, кв. 90"
91,Андрей,Попов,Николаевич,1961-05-20,79304376298,person091@farm-association.test,"г. Саратов, ул. Степная, д. 170, кв. 242"
92,Андрей,Павлов,Михайлович,1955-04-17,79681905042,person092@farm-association.test,"г. Липецк, ул. Полевая, д. 104, кв. 222"
93,Юлия,Павлова,Ивановна,2000-09-04,79695231634,person093@farm-association.test,"г. Волгоград, ул. Лесная, д. 160, кв. 194"
94,Евгений,Волков,Евгеньевич,1956-08-18,79363738026,person094@farm-association.test,"г. Тамбов, ул. Заречная, д. 179, кв. 125"
95,Пётр,Иванов,Владимирович,1973-06-20,79304188011,person095@farm-association.test,"г. Волгоград, ул. Школьная, д. 24, кв. 58"
96,Полина,Лебедева,Петровна,1993-05-25,79257632973,person096@farm-association.test,"г. Тамбов, ул. Луговая, д. 70, кв. 107"
97,Степан,Новиков,Евгеньевич,1973-11-12,79686642859,person097@farm-association.test,"г. Воронеж, ул. Мира, д. 131, кв. 192"
98,Фёдор,Сидоров,Петрович,1976-10-13,79634487444,person098@farm-association.test,"г. Краснодар, ул. Степная, д. 77, кв. 215"
99,Екатерина,Морозова,Евгеньевна,1965-05-01,79676517154,person099@farm-association.test,"г. Липецк, ул. Луговая, д. 140, кв. 97"
100,Евгений,Лебедев,Николаевич,1968-12-03,79993448359,person100@farm-association.test,"г. Воронеж, ул. Школьная, д. 12, кв. 82"
101,Роман,Новиков,Андреевич,1986-08-21,79949119329,person101@farm-association.test,"г. Саратов, ул. Центральная, д. 33, кв. 129"
102,Екатерина,Попова,Петровна,1991-07-02,79226386811,person102@farm-association.test,"г. Белгород, ул. Школьная, д. 168, кв. 249"
103,Сергей,Петров,Евгеньевич,1975-10-11,79537389860,person103@farm-association.test,"г. Ростов-на-Дону, ул. Лесная, д. 173, кв. 220"
104,Михаил,Васильев,Николаевич,1995-10-11,79791368918,person104@farm-association.test,"г. Воронеж, ул. Степная, д. 59, кв. 192"
105,Мария,Васильева,Петровна,1961-01-06,79662709848,person105@farm-association.test,"г. Краснодар, ул. Центральная, д. 84, кв. 204"
106,Иван,Смирнов,Николаевич,1985-08-17,79652494177,person106@farm-association.test,"г. Ставрополь, ул. Мира, д. 175, кв. 203"
107,Сергей,Сидоров,Сергеевич,1959-01-31,79889915889,person107@farm-association.test,"г. Воронеж, ул. Заречная, д. 150, кв. 37"
108,Ольга,Новикова,Дмитриевна,1993-03-25,79427821169,person108@farm-association.test,"г. Тамбов, ул. Луговая, д. 41, кв. 19"
109,Евгений,Попов,Владимирович,1978-11-02,79915349842,person109@farm-association.test,"г. Саратов, ул. Степная, д. 51, кв. 99"
110,Степан,Новиков,Петрович,1973-04-12,79586855583,person110@farm-association.test,"г. Тамбов, ул. Степная, д. 6, кв. 213"
111,Вера,Васильева,Дмитриевна,1952-09-22,79829859716,person111@farm-association.test,"г. Курск, ул. Заречная, д. 74, кв. 199"
112,Григорий,Кузнецов,Владимирович,1983-08-10,79387513489,person112@farm-association.test,"г. Тамбов, ул. Садовая, д. 161, кв. 25"
113,Фёдор,Волков,Иванович,1979-09-19,79661348456,person113@farm-association.test,"г. Белгород, ул. Полевая, д. 76, кв. 84"
114,Людмила,Васильева,Сергеевна,1970-01-05,79269057956,person114@farm-association.test,"г. Волгоград, ул. Луговая, д. 70, кв. 213"
115,Сергей,Смирнов,Евгеньевич,1978-06-24,79539232469,person115@farm-association.test,"г. Ростов-на-Дону, ул. Садовая, д. 58, кв. 221"
116,Антон,Соловьёв,Андреевич,2001-12-31,79561926011,person116@farm-association.test,"г. Тамбов, ул. Луговая, д. 32, кв. 117"
117,Наталья,Волкова,Дмитриевна,2004-06-10,79589429157,person117@farm-association.test,"г. Ростов-на-Дону, ул. Молодёжная, д. 121, кв. 7"
118,Владимир,Лебедев,Михайлович,1981-06-05,79883269218,person118@farm-association.test,"г. Саратов, ул. Степная, д. 167, кв. 105"
119,Пётр,Сидоров,Иванович,1955-05-04,79486042422,person119@farm-association.test,"г. Воронеж, ул. Луговая, д. 35, кв. 100"
120,Светлана,Попова,Михайловна,1989-08-07,79858602963,person120@farm-association.test,"г. Ростов-на-Дону, ул. Заречная, д. 158, кв. 105"
121,Дмитрий,Иванов,Николаевич,1971-06-29,79665554056,person121@farm-association.test,"г. Ростов-на-Дону, ул. Лесная, д. 140, кв. 231"
122,Антон,Попов,Иванович,1987-09-20,79452942568,person122@farm-association.test,"г. Ростов-на-Дону, ул. Молодёжная, д. 165, кв. 164"
123,Екатерина,Иванова,Ивановна,1981-12-02,79412288236,person123@farm-association.test,"г. Ростов-на-Дону, ул. Луговая, д. 54, кв. 151"
124,Алексей,Павлов,Алексеевич,1981-06-23,79289078610,person124@farm-association.test,"г. Тамбов, ул. Садовая, д. 34, кв. 139"
125,Дмитрий,Зайцев,Сергеевич,1961-11-11,79949871326,person125@farm-association.test,"г. Краснодар, ул. Лесная, д. 61, кв. 151"
126,Наталья,Иванова,Сергеевна,1975-10-22,79162296377,person126@farm-association.test,"г. Ростов-на-Дону, ул. Полевая, д. 122, кв. 115"
127,Григорий,Попов,Михайлович,1961-10-13,79676153888,person127@farm-association.test,"г. Краснодар, ул. Луговая, д. 78, кв. 118"
128,Антон,Иванов,Иванович,1994-12-21,79615369723,person128@farm-association.test,"г. Саратов, ул. Заречная, д. 19, кв. 231"
129,Мария,Попова,Владимировна,1965-04-22,79182294589,person129@farm-association.test,"г. Курск, ул. Луговая, д. 84, кв. 98"
130,Владимир,Фёдоров,Дмитриевич,1992-09-14,79747196522,person130@farm-association.test,"г. Ростов-на-Дону, ул. Луговая, д. 56, кв. 111"
131,Евгений,Лебедев,Алексеевич,1989-02-14,79539476861,person131@farm-association.test,"г. Ставрополь, ул. Полевая, д. 81, кв. 110"
132,Наталья,Волкова,Дмитриевна,1985-07-31,79298037018,person132@farm-association.test,"г. Ростов-на-Дону, ул. Полевая, д. 24, кв. 111"
133,Пётр,Соловьёв,Николаевич,1963-09-03,79811618581,person133@farm-association.test,"г. Волгоград, ул. Лесная, д. 172, кв. 32"
134,Андрей,Попов,Андреевич,1956-08-12,79467144955,person134@farm-association.test,"г. Ростов-на-Дону, ул. Мира, д. 130, кв. 55"
135,Елена,Волкова,Евгеньевна,1972-02-13,79234588157,person135@farm-association.test,"г. Ростов-на-Дону, ул. Степная, д. 147, кв. 58"
136,Григорий,Васильев,Михайлович,2001-12-12,79137239498,person136@farm-association.test,"г. Тамбов, ул. Центральная, д. 47, кв. 70"
137,Роман,Зайцев,Дмитриевич,1982-06-27,79541063328,person137@farm-association.test,"г. Курск, ул. Школьная, д. 18, кв. 37"
138,Людмила,Волкова,Ивановна,1960-03-25,79773205863,person138@farm-association.test,"г. Саратов, ул. Лесная, д. 41, кв. 95"
139,Дмитрий,Соловьёв,Николаевич,2002-12-02,79861861629,person139@farm-association.test,"г. Белгород, ул. Мира, д. 13, кв. 173"
140,Пётр,Смирнов,Евгеньевич,1990-01-15,79727216663,person140@farm-association.test,"г. Тамбов, ул. Молодёжная, д. 132, кв. 30"
141,Наталья,Васильева,Петровна,1977-05-30,79967948572,person141@farm-association.test,"г. Волгоград, ул. Степная, д. 12, кв. 57"
142,Андрей,Морозов,Иванович,1952-09-08,79364083727,person142@farm-association.test,"г. Тамбов, ул. Степная, д. 84, кв. 31"
143,Иван,Новиков,Андреевич,1967-10-06,79264897839,person143@farm-association.test,"г. Волгоград, ул. Луговая, д. 172, кв. 207"
144,Наталья,Петрова,Андреевна,1955-10-18,79651196819,person144@farm-association.test,"г. Липецк, ул. Мира, д. 110, кв. 147"
145,Андрей,Соловьёв,Андреевич,1977-12-21,79245141251,person145@farm-association.test,"г. Белгород, ул. Мира, д. 118, кв. 213"
146,Роман,Лебедев,Николаевич,1959-11-27,79659642341,person146@farm-association.test,"г. Ставрополь, ул. Мира, д. 103, кв. 135"
147,Мария,Васильева,Дмитриевна,1982-06-17,79384413119,person147@farm-association.test,"г. Волгоград, ул. Полевая, д. 136, кв. 131"
148,Алексей,Лебедев,Николаевич,1983-07-01,79929342840,person148@farm-association.test,"г. Ростов-на-Дону, ул. Садовая, д. 66, кв. 51"
149,Сергей,Морозов,Сергеевич,1958-10-05,79328919073,person149@farm-association.test,"г. Саратов, ул. Мира, д. 149, кв. 115"
150,Вера,Лебедева,Владимировна,1980-12-29,79904232966,person150@farm-association.test,"г. Ростов-на-Дону, ул. Заречная, д. 114, кв. 162"
151,Дмитрий,Зайцев,Дмитриевич,1957-01-14,79556191949,person151@farm-association.test,"г. Саратов, ул. Заречная, д. 10, кв. 15"
152,Николай,Павлов,Дмитриевич,1958-11-19,79929842188,person152@farm-association.test,"г. Курск, ул. Луговая, д. 99, кв. 119"
153,Екатерина,Фёдорова,Ивановна,1992-05-06,79837673451,person153@farm-association.test,"г. Курск, ул. Заречная, д. 129, кв. 39"
154,Иван,Новиков,Петрович,1982-10-23,79206169232,person154@farm-association.test,"г. Краснодар, ул. Молодёжная, д. 113, кв. 113"
155,Михаил,Фёдоров,Владимирович,1966-03-29,79564814659,person155@farm-association.test,"г. Ставрополь, ул. Лесная, д. 174, кв. 154"
156,Анна,Зайцева,Николаевна,1957-11-29,79521968196,person156@farm-association.test,"г. Ставрополь, ул. Степная, д. 65, кв. 186"
157,Степан,Волков,Владимирович,1965-06-28,79521838494,person157@farm-association.test,"г. Белгород, ул. Лесная, д. 80, кв. 248"
158,Антон,Соловьёв,Андреевич,1963-07-27,79868252049,person158@farm-association.test,"г. Волгоград, ул. Школьная, д. 165, кв. 203"
159,Наталья,Павлова,Сергеевна,1999-03-23,79217619564,person159@farm-association.test,"г. Волгоград, ул. Лесная, д. 5, кв. 93"
160,Дмитрий,Сидоров,Алексеевич,1982-08-28,79722963827,person160@farm-association.test,"г. Белгород, ул. Полевая, д. 76, кв. 217"
161,Григорий,Петров,Михайлович,2000-06-04,79771389453,person161@farm-association.test,"г. Курск, ул. Садовая, д. 153, кв. 97"
162,Елена,Сидорова,Сергеевна,1966-11-07,79661446256,person162@farm-association.test,"г. Воронеж, ул. Заречная, д. 157, кв. 73"
163,Григорий,Соловьёв,Евгеньевич,1972-12-28,79783444970,person163@farm-association.test,"г. Воронеж, ул. Лесная, д. 174, кв. 243"
164,Владимир,Новиков,Евгеньевич,1977-04-12,79586147763,person164@farm-association.test,"г. Белгород, ул. Молодёжная, д. 155, кв. 36"
165,Полина,Смирнова,Ивановна,1995-02-11,79576672376,person165@farm-association.test,"г. Ростов-на-Дону, ул. Степная, д. 22, кв. 196"
166,Сергей,Смирнов,Евгеньевич,1998-01-20,79289506521,person166@farm-association.test,"г. Воронеж, ул. Заречная, д. 90, кв. 239"
167,Иван,Васильев,Иванович,1987-07-27,79744824059,person167@farm-association.test,"г. Ростов-на-Дону, ул. Лесная, д. 58, кв. 8"
168,Наталья,Лебедева,Петровна,1982-01-29,79282401446,person168@farm-association.test,"г. Саратов, ул. Садовая, д. 121, кв. 115"
169,Владимир,Иванов,Петрович,1953-09-14,79423202980,person169@farm-association.test,"г. Курск, ул. Луговая, д. 109, кв. 29"
170,Григорий,Смирнов,Алексеевич,1979-01-07,79251484063,person170@farm-association.test,"г. Курск, ул. Заречная, д. 17, кв. 29"
171,Полина,Лебедева,Евгеньевна,2000-02-03,79127477583,person171@farm-association.test,"г. Воронеж, ул. Садовая, д. 75, кв. 110"
172,Иван,Морозов,Николаевич,1973-07-31,79835263395,person172@farm-association.test,"г. Ростов-на-Дону, ул. Луговая, д. 93, кв. 18"
173,Михаил,Фёдоров,Михайлович,1997-07-16,79801205970,person173@farm-association.test,"г. Краснодар, ул. Школьная, д. 96, кв. 65"
174,Людмила,Иванова,Николаевна,1958-01-22,79543469490,person174@farm-association.test,"г. Ростов-на-Дону, ул. Мира, д. 86, кв. 35"
175,Иван,Попов,Михайлович,1982-05-16,79922799769,person175@farm-association.test,"г. Саратов, ул. Садовая, д. 35, кв. 17"
176,Роман,Зайцев,Евгеньевич,1955-04-26,79473061535,person176@farm-association.test,"г. Краснодар, ул. Лесная, д. 80, кв. 132"
177,Ирина,Павлова,Михайловна,1994-06-21,79421379234,person177@farm-association.test,"г. Тамбов, ул. Лесная, д. 13, кв. 222"
178,Антон,Попов,Дмитриевич,1963-03-02,79575476166,person178@farm-association.test,"г. Ставрополь, ул. Лесная, д. 48, кв. 128"
179,Роман,Новиков,Николаевич,1998-08-02,79449202064,person179@farm-association.test,"г. Ростов-на-Дону, ул. Школьная, д. 155, кв. 211"
180,Елена,Фёдорова,Дмитриевна,1980-10-25,79231815194,person180@farm-association.test,"г. Тамбов, ул. Степная, д. 115, кв. 155"
181,Роман,Васильев,Сергеевич,1991-10-28,79545571555,person181@farm-association.test,"г. Курск, ул. Школьная, д. 71, кв. 164"
182,Григорий,Иванов,Петрович,1988-06-10,79566259630,person182@farm-association.test,"г. Краснодар, ул. Садовая, д. 156, кв. 174"
183,Алина,Новикова,Ивановна,1963-04-29,79183419256,person183@farm-association.test,"г. Липецк, ул. Школьная, д. 146, кв. 9"
184,Владимир,Сидоров,Евгеньевич,1985-04-12,79575541983,person184@farm-association.test,"г. Белгород, ул. Луговая, д. 94, кв. 102"
185,Николай,Волков,Дмитриевич,1974-05-24,79241263373,person185@farm-association.test,"г. Волгоград, ул. Школьная, д. 144, кв. 31"
186,Татьяна,Зайцева,Дмитриевна,1992-01-14,79377264698,person186@farm-association.test,"г. Саратов, ул. Молодёжная, д. 32, кв. 35"
187,Степан,Петров,Евгеньевич,1967-06-28,79661899750,person187@farm-association.test,"г. Липецк, ул. Полевая, д. 141, кв. 139"
188,Дмитрий,Лебедев,Дмитриевич,1966-02-17,79997533256,person188@farm-association.test,"г. Волгоград, ул. Молодёжная, д. 32, кв. 52"
189,Алина,Сидорова,Алексеевна,1996-04-27,79134698083,person189@farm-association.test,"г. Липецк, ул. Заречная, д. 142, кв. 34"
190,Владимир,Лебедев,Петрович,1957-11-24,79495077177,person190@farm-association.test,"г. Ставрополь, ул. Школьная, д. 148, кв. 19"
191,Сергей,Попов,Петрович,1992-05-14,79697967654,person191@farm-association.test,"г. Белгород, ул. Луговая, д. 164, кв. 151"
192,Елена,Зайцева,Сергеевна,1990-10-24,79749891725,person192@farm-association.test,"г. Волгоград, ул. Садовая, д. 78, кв. 43"
193,Сергей,Попов,Алексеевич,1983-01-16,79763902042,person193@farm-association.test,"г. Воронеж, ул. Луговая, д. 71, кв. 33"
194,Антон,Смирнов,Владимирович,1999-11-11,79216149231,person194@farm-association.test,"г. Курск, ул. Мира, д. 40, кв. 44"
195,Вера,Морозова,Владимировна,1982-04-16,79821421320,person195@farm-association.test,"г. Краснодар, ул. Мира, д. 68, кв. 167"
196,Алексей,Зайцев,Владимирович,1989-05-16,79897541373,person196@farm-association.test,"г. Волгоград, ул. Степная, д. 165, кв. 245"
197,Дмитрий,Новиков,Алексеевич,1988-06-06,79485641998,person197@farm-association.test,"г. Краснодар, ул. Садовая, д. 113, кв. 107"
198,Светлана,Новикова,Алексеевна,1982-07-09,79872475050,person198@farm-association.test,"г. Липецк, ул. Школьная, д. 34, кв. 195"
199,Николай,Фёдоров,Михайлович,1961-07-11,79503476925,person199@farm-association.test,"г. Тамбов, ул. Заречная, д. 64, кв. 37"
200,Пётр,Иванов,Дмитриевич,1986-06-18,79885284130,person200@farm-association.test,"г. Липецк, ул. Мира, д. 81, кв. 49"
201,Алина,Сидорова,Евгеньевна,1998-03-06,79696104973,person201@farm-association.test,"г. Краснодар, ул. Полевая, д. 101, кв. 130"
202,Евгений,Кузнецов,Алексеевич,2004-05-02,79551491646,person202@farm-association.test,"г. Саратов, ул. Мира, д. 168, кв. 173"
203,Евгений,Смирнов,Михайлович,1952-09-24,79235412743,person203@farm-association.test,"г. Липецк, ул. Школьная, д. 94, кв. 12"
204,Ирина,Иванова,Владимировна,2002-05-27,79344718046,person204@farm-association.test,"г. Ростов-на-Дону, ул. Школьная, д. 130, кв. 116"
205,Григорий,Фёдоров,Дмитриевич,1962-08-29,79261996057,person205@farm-association.test,"г. Липецк, ул. Луговая, д. 94, кв. 194"
206,Сергей,Кузнецов,Владимирович,1997-09-03,79616121515,person206@farm-association.test,"г. Краснодар, ул. Садовая, д. 86, кв. 206"
207,Светлана,Фёдорова,Евгеньевна,1965-05-12,79876272751,person207@farm-association.test,"г. Курск, ул. Лесная, д. 42, кв. 101"
208,Владимир,Соловьёв,Дмитриевич,1982-03-06,79749487578,person208@farm-association.test,"г. Саратов, ул. Мира, д. 77, кв. 122"
209,Степан,Иванов,Николаевич,1981-09-19,79962126384,person209@farm-association.test,"г. Тамбов, ул. Центральная, д. 153, кв. 122"
210,Татьяна,Волкова,Владимировна,2003-10-27,79398381684,person210@farm-association.test,"г. Саратов, ул. Садовая, д. 135, кв. 162"
211,Роман,Морозов,Андреевич,1965-04-04,79973481483,person211@farm-association.test,"г. Ростов-на-Дону, ул. Молодёжная, д. 5, кв. 113"
212,Николай,Васильев,Сергеевич,1989-01-17,79983086274,person212@farm-association.test,"г. Курск, ул. Заречная, д. 16, кв. 181"
213,Елена,Фёдорова,Алексеевна,2002-04-27,79517787177,person213@farm-association.test,"г. Ставрополь, ул. Лесная, д. 45, кв. 118"
214,Фёдор,Фёдоров,Николаевич,2001-01-03,79557929792,person214@farm-association.test,"г. Тамбов, ул. Мира, д. 124, кв. 50"
215,Алексей,Смирнов,Михайлович,1978-10-12,79384044636,person215@farm-association.test,"г. Саратов, ул. Лесная, д. 123, кв. 90"
216,Юлия,Лебедева,Дмитриевна,1977-10-26,79256879679,person216@farm-association.test,"г. Ставрополь, ул. Школьная, д. 89, кв. 245"
217,Григорий,Зайцев,Сергеевич,1978-01-21,79153942054,person217@farm-association.test,"г. Саратов, ул. Степная, д. 123, кв. 55"
218,Алексей,Павлов,Михайлович,1976-04-28,79818124427,person218@farm-association.test,"г. Ростов-на-Дону, ул. Мира, д. 151, кв. 62"
219,Ольга,Иванова,Михайловна,1972-03-30,79913381622,person219@farm-association.test,"г. Ставрополь, ул. Лесная, д. 121, кв. 26"
220,Антон,Зайцев,Сергеевич,1952-06-18,79802616293,person220@farm-association.test,"г. Саратов, ул. Заречная, д. 167, кв. 52"
221,Григорий,Смирнов,Николаевич,1977-08-09,79921602193,person221@farm-association.test,"г. Курск, ул. Молодёжная, д. 137, кв. 190"
222,Людмила,Павлова,Ивановна,1967-09-15,79639573214,person222@farm-association.test,"г. Ставрополь, ул. Заречная, д. 48, кв. 240"
223,Роман,Павлов,Дмитриевич,1955-05-12,79114058287,person223@farm-association.test,"г. Ростов-на-Дону, ул. Лесная, д. 73, кв. 117"
224,Антон,Фёдоров,Михайлович,1996-04-23,79279717469,person224@farm-association.test,"г. Тамбов, ул. Молодёжная, д. 29, кв. 85"
225,Елена,Соловьёва,Евгеньевна,1975-01-30,79331145347,person225@farm-association.test,"г. Курск, ул. Молодёжная, д. 45, кв. 157"
226,Степан,Волков,Андреевич,1990-05-15,79754352161,person226@farm-association.test,"г. Ростов-на-Дону, ул. Садовая, д. 36, кв. 123"
227,Николай,Лебедев,Алексеевич,1952-08-11,79434924067,person227@farm-association.test,"г. Тамбов, ул. Лесная, д. 78, кв. 150"
228,Людмила,Морозова,Ивановна,1975-06-19,79934689840,person228@farm-association.test,"г. Краснодар, ул. Полевая, д. 120, кв. 79"
229,Сергей,Васильев,Михайлович,1979-11-25,79982209147,person229@farm-association.test,"г. Липецк, ул. Мира, д. 57, кв. 57"
230,Сергей,Новиков,Сергеевич,1992-10-25,79874826399,person230@farm-association.test,"г. Волгоград, ул. Заречная, д. 138, кв. 206"
231,Вера,Павлова,Алексеевна,1974-03-14,79978728620,person231@farm-association.test,"г. Волгоград, ул. Заречная, д. 136, кв. 181"
232,Николай,Петров,Владимирович,1962-01-24,79179488074,person232@farm-association.test,"г. Воронеж, ул. Мира, д. 138, кв. 39"
233,Сергей,Попов,Михайлович,1991-08-22,79247963684,person233@farm-association.test,"г. Саратов, ул. Полевая, д. 131, кв. 115"
234,Алина,Иванова,Евгеньевна,1963-11-02,79755256882,person234@farm-association.test,"г. Краснодар, ул. Луговая, д. 119, кв. 173"
235,Григорий,Смирнов,Иванович,1987-07-10,79429361037,person235@farm-association.test,"г. Курск, ул. Полевая, д. 12, кв. 109"
236,Николай,Соловьёв,Петрович,2000-07-19,79171707014,person236@farm-association.test,"г. Тамбов, ул. Школьная, д. 47, кв. 197"
237,Елена,Зайцева,Андреевна,1985-08-05,79585595858,person237@farm-association.test,"г. Ростов-на-Дону, ул. Луговая, д. 35, кв. 168"
238,Степан,Попов,Петрович,1968-01-05,79785027726,person238@farm-association.test,"г. Воронеж, ул. Центральная, д. 6, кв. 77"
239,Евгений,Волков,Михайлович,1990-01-18,79784883941,person239@farm-association.test,"г. Саратов, ул. Лесная, д. 40, кв. 71"
240,Ольга,Лебедева,Петровна,1954-11-21,79945298812,person240@farm-association.test,"г. Воронеж, ул. Молодёжная, д. 18, кв. 26"
241,Владимир,Иванов,Евгеньевич,1956-05-14,79418581561,person241@farm-association.test,"г. Саратов, ул. Молодёжная, д. 139, кв. 56"
242,Григорий,Павлов,Иванович,1964-07-27,79743963983,person242@farm-association.test,"г. Липецк, ул. Мира, д. 154, кв. 198"
243,Вера,Павлова,Николаевна,1973-04-02,79489972894,person243@farm-association.test,"г. Волгоград, ул. Молодёжная, д. 106, кв. 77"
244,Дмитрий,Иванов,Михайлович,1967-09-17,79907956481,person244@farm-association.test,"г. Саратов, ул. Центральная, д. 89, кв. 242"
245,Антон,Волков,Андреевич,1999-01-19,79508136362,person245@farm-association.test,"г. Белгород, ул. Степная, д. 97, кв. 48"
246,Алина,Фёдорова,Евгеньевна,1973-08-14,79384072869,person246@farm-association.test,"г. Краснодар, ул. Луговая, д. 106, кв. 248"
247,Андрей,Фёдоров,Михайлович,1964-01-11,79593484236,person247@farm-association.test,"г. Липецк, ул. Полевая, д. 116, кв. 217"
248,Николай,Петров,Михайлович,1969-02-01,79163745896,person248@farm-association.test,"г. Курск, ул. Мира, д. 11, кв. 224"
249,Мария,Кузнецова,Владимировна,2002-02-19,79375903652,person249@farm-association.test,"г. Тамбов, ул. Центральная, д. 55, кв. 240"
250,Алексей,Соловьёв,Петрович,1994-12-19,79418128736,person250@farm-association.test,"г. Ставрополь, ул. Молодёжная, д. 142, кв. 83"
